polar_bears;Polar Bears;;Polarbären;;;;;;;;x
illuminati;Bankers;;;;;;;;;;;;;;;;;;;;;;;x
bankers;Bankers;;;;;;;;;;;;;;
give_host_powers_title;Host Powers;;;;;;;;;x;;;;
give_host_powers_desc; ;;;;;;;;;x;;;;
remove_host_powers_title;Remove Host Powers;;;;;;;;;x;;;;
remove_host_powers_desc; ;;;;;;;;;x;;;;
show_options_title;Show Options;;;;;;;;;x;;;;
show_options_desc; ;;;;;;;;;x;;;;
hide_options_title;Hide Options;;;;;;;;;x;;;;
hide_options_desc; ;;;;;;;;;x;;;;
JAN;World Bank;;;;;;;;;;;x
JAN_ADJ;§;;;;;;;;;;;x
JAN_liberal;IMF;;;;;;;;;;;x
JAN_conservative;IMF;;;;;;;;;;;x
JAN_socialist;IMF;;;;;;;;;;;x
JAN_anarcho_liberal;International Monetary Fund;;;;;;;;;;;x
JAN_communist;IMF;;;;;;;;;;;x
JAN_fascist;IMF;;;;;;;;;;;x
GHO;Ghostland;;;;;;;;;;;x
GHO_ADJ;Ghostly;;;;;;;;;;;x
POLITICS_DECISIONS2;§YYellow§g = Generic, §GGreen§g = Province selector, §BBlue§g = National Value, and §WWhite§g = Historical;;;;;;;;;;;;;;
revanchism;§WRevanchism;Revanchisme;Revanchismus;;Revanchismo;;;;;;;;;x;
REVANCHISM_EXPLANATION;§gRevanchism, from the French word for 'revenge', is the yearning for the return of land lost to the nation. In love, war, and peace alike, our people will be willing to make greater sacrifices for the return of our sacred soil.\n§YEvery 5 points of revanchism raises maximum soldier % in a core province by 0.5% and mobilization pool by 0.5%.;;;;;;;;;;;;;;
UNIT_BUILD_TIME_IW;$VAL$ days.;$VAL$ jours.;$VAL$ Tage.;;$VAL$ días.;;;;;;;;;x;
john_cena_cooldown;John Cena Cooldown;;;;;;;;;;;;;
john_cena_cooldown_desc;Prevent spam of Event to allow duplicate generals.;;;;;;;;;;;;;
great_power_decay;Great Power;;;;;;;;;;;;;
no_personality;§W0 Defence;;;;;;;;;;;;;;
no_background;§W0 Attack;;;;;;;;;;;;;;
attack_1.1;+1 Attack;;;;;;;;;;;;;;
attack_1.2;+1 Attack;;;;;;;;;;;;;;
attack_1.3;+1 Attack;;;;;;;;;;;;;;
attack_1.4;+1 Attack;;;;;;;;;;;;;;
attack_1.5;+1 Attack;;;;;;;;;;;;;;
attack_1.6;+1 Attack;;;;;;;;;;;;;;
attack_1.7;+1 Attack;;;;;;;;;;;;;;
attack_1.8;+1 Attack;;;;;;;;;;;;;;
attack_1.9;+1 Attack;;;;;;;;;;;;;;
attack_1.10;+1 Attack;;;;;;;;;;;;;;
attack_1.11;+1 Attack;;;;;;;;;;;;;;
attack_1.12;+1 Attack;;;;;;;;;;;;;;
attack_1.13;+1 Attack;;;;;;;;;;;;;;
attack_1.14;+1 Attack;;;;;;;;;;;;;;
attack_1.15;+1 Attack;;;;;;;;;;;;;;
attack_1.16;+1 Attack;;;;;;;;;;;;;;
attack_1.17;+1 Attack;;;;;;;;;;;;;;
attack_1.18;+1 Attack;;;;;;;;;;;;;;
attack_1.19;+1 Attack;;;;;;;;;;;;;;
attack_1.20;+1 Attack;;;;;;;;;;;;;;
attack_1.21;+1 Attack;;;;;;;;;;;;;;
attack_1.22;+1 Attack;;;;;;;;;;;;;;
attack_1.23;+1 Attack;;;;;;;;;;;;;;
attack_1.24;+1 Attack;;;;;;;;;;;;;;
attack_1.25;+1 Attack;;;;;;;;;;;;;;
attack_1.26;+1 Attack;;;;;;;;;;;;;;
attack_1.27;+1 Attack;;;;;;;;;;;;;;
attack_1.28;+1 Attack;;;;;;;;;;;;;;
attack_1.29;+1 Attack;;;;;;;;;;;;;;
attack_1.30;+1 Attack;;;;;;;;;;;;;;
attack_1.31;+1 Attack;;;;;;;;;;;;;;
attack_1.32;+1 Attack;;;;;;;;;;;;;;
attack_1.33;+1 Attack;;;;;;;;;;;;;;
attack_1.34;+1 Attack;;;;;;;;;;;;;;
attack_1.35;+1 Attack;;;;;;;;;;;;;;
attack_1.36;+1 Attack;;;;;;;;;;;;;;
attack_1.37;+1 Attack;;;;;;;;;;;;;;
attack_1.38;+1 Attack;;;;;;;;;;;;;;
attack_1.39;+1 Attack;;;;;;;;;;;;;;
attack_1.40;+1 Attack;;;;;;;;;;;;;;
attack_1.41;+1 Attack;;;;;;;;;;;;;;
attack_1.42;+1 Attack;;;;;;;;;;;;;;
attack_1.43;+1 Attack;;;;;;;;;;;;;;
attack_1.44;+1 Attack;;;;;;;;;;;;;;
attack_1.45;+1 Attack;;;;;;;;;;;;;;
attack_1.46;+1 Attack;;;;;;;;;;;;;;
attack_1.47;+1 Attack;;;;;;;;;;;;;;
attack_1.48;+1 Attack;;;;;;;;;;;;;;
attack_1.49;+1 Attack;;;;;;;;;;;;;;
attack_1.50;+1 Attack;;;;;;;;;;;;;;
attack_1.51;+1 Attack;;;;;;;;;;;;;;
attack_1.52;+1 Attack;;;;;;;;;;;;;;
attack_1.53;+1 Attack;;;;;;;;;;;;;;
attack_1.54;+1 Attack;;;;;;;;;;;;;;
attack_1.55;+1 Attack;;;;;;;;;;;;;;
attack_1.56;+1 Attack;;;;;;;;;;;;;;
attack_1.57;+1 Attack;;;;;;;;;;;;;;
attack_1.58;+1 Attack;;;;;;;;;;;;;;
attack_1.59;+1 Attack;;;;;;;;;;;;;;
attack_1.60;+1 Attack;;;;;;;;;;;;;;
attack_1.61;+1 Attack;;;;;;;;;;;;;;
attack_1.62;+1 Attack;;;;;;;;;;;;;;
attack_1.63;+1 Attack;;;;;;;;;;;;;;
attack_1.64;+1 Attack;;;;;;;;;;;;;;
attack_1.65;+1 Attack;;;;;;;;;;;;;;
attack_1.66;+1 Attack;;;;;;;;;;;;;;
attack_1.67;+1 Attack;;;;;;;;;;;;;;
attack_1.68;+1 Attack;;;;;;;;;;;;;;
attack_1.69;+1 Attack;;;;;;;;;;;;;;
attack_1.70;+1 Attack;;;;;;;;;;;;;;
attack_1.71;+1 Attack;;;;;;;;;;;;;;
attack_1.72;+1 Attack;;;;;;;;;;;;;;
attack_1.73;+1 Attack;;;;;;;;;;;;;;
attack_1.74;+1 Attack;;;;;;;;;;;;;;
attack_1.75;+1 Attack;;;;;;;;;;;;;;
attack_1.76;+1 Attack;;;;;;;;;;;;;;
attack_1.77;+1 Attack;;;;;;;;;;;;;;
attack_1.78;+1 Attack;;;;;;;;;;;;;;
attack_1.79;+1 Attack;;;;;;;;;;;;;;
attack_1.80;+1 Attack;;;;;;;;;;;;;;
attack_1.81;+1 Attack;;;;;;;;;;;;;;
attack_1.82;+1 Attack;;;;;;;;;;;;;;
attack_1.83;+1 Attack;;;;;;;;;;;;;;
attack_1.84;+1 Attack;;;;;;;;;;;;;;
attack_1.85;+1 Attack;;;;;;;;;;;;;;
attack_1.86;+1 Attack;;;;;;;;;;;;;;
attack_1.87;+1 Attack;;;;;;;;;;;;;;
attack_1.88;+1 Attack;;;;;;;;;;;;;;
attack_1.89;+1 Attack;;;;;;;;;;;;;;
attack_1.90;+1 Attack;;;;;;;;;;;;;;
attack_1.91;+1 Attack;;;;;;;;;;;;;;
attack_1.92;+1 Attack;;;;;;;;;;;;;;
attack_1.93;+1 Attack;;;;;;;;;;;;;;
attack_1.94;+1 Attack;;;;;;;;;;;;;;
attack_1.95;+1 Attack;;;;;;;;;;;;;;
attack_1.96;+1 Attack;;;;;;;;;;;;;;
attack_1.97;+1 Attack;;;;;;;;;;;;;;
attack_1.98;+1 Attack;;;;;;;;;;;;;;
attack_1.99;+1 Attack;;;;;;;;;;;;;;
attack_1.100;+1 Attack;;;;;;;;;;;;;;
attack_1.101;+1 Attack;;;;;;;;;;;;;;
attack_1.102;+1 Attack;;;;;;;;;;;;;;
attack_1.103;+1 Attack;;;;;;;;;;;;;;
attack_1.104;+1 Attack;;;;;;;;;;;;;;
attack_1.105;+1 Attack;;;;;;;;;;;;;;
attack_1.106;+1 Attack;;;;;;;;;;;;;;
attack_1.107;+1 Attack;;;;;;;;;;;;;;
attack_1.108;+1 Attack;;;;;;;;;;;;;;
attack_1.109;+1 Attack;;;;;;;;;;;;;;
attack_1.110;+1 Attack;;;;;;;;;;;;;;
attack_1.111;+1 Attack;;;;;;;;;;;;;;
attack_1.112;+1 Attack;;;;;;;;;;;;;;
attack_1.113;+1 Attack;;;;;;;;;;;;;;
attack_1.114;+1 Attack;;;;;;;;;;;;;;
attack_1.115;+1 Attack;;;;;;;;;;;;;;
attack_1.116;+1 Attack;;;;;;;;;;;;;;
attack_1.117;+1 Attack;;;;;;;;;;;;;;
attack_1.118;+1 Attack;;;;;;;;;;;;;;
attack_1.119;+1 Attack;;;;;;;;;;;;;;
attack_1.120;+1 Attack;;;;;;;;;;;;;;
attack_1.121;+1 Attack;;;;;;;;;;;;;;
attack_1.122;+1 Attack;;;;;;;;;;;;;;
attack_1.123;+1 Attack;;;;;;;;;;;;;;
attack_1.124;+1 Attack;;;;;;;;;;;;;;
attack_1.125;+1 Attack;;;;;;;;;;;;;;
attack_1.126;+1 Attack;;;;;;;;;;;;;;
attack_1.127;+1 Attack;;;;;;;;;;;;;;
attack_1.128;+1 Attack;;;;;;;;;;;;;;
attack_1.129;+1 Attack;;;;;;;;;;;;;;
attack_1.130;+1 Attack;;;;;;;;;;;;;;
attack_1.131;+1 Attack;;;;;;;;;;;;;;
attack_1.132;+1 Attack;;;;;;;;;;;;;;
attack_1.133;+1 Attack;;;;;;;;;;;;;;
attack_1.134;+1 Attack;;;;;;;;;;;;;;
attack_1.135;+1 Attack;;;;;;;;;;;;;;
attack_1.136;+1 Attack;;;;;;;;;;;;;;
attack_1.137;+1 Attack;;;;;;;;;;;;;;
attack_1.138;+1 Attack;;;;;;;;;;;;;;
attack_1.139;+1 Attack;;;;;;;;;;;;;;
attack_1.140;+1 Attack;;;;;;;;;;;;;;
attack_1.141;+1 Attack;;;;;;;;;;;;;;
attack_1.142;+1 Attack;;;;;;;;;;;;;;
attack_1.143;+1 Attack;;;;;;;;;;;;;;
attack_1.144;+1 Attack;;;;;;;;;;;;;;
attack_1.145;+1 Attack;;;;;;;;;;;;;;
attack_1.146;+1 Attack;;;;;;;;;;;;;;
attack_1.147;+1 Attack;;;;;;;;;;;;;;
attack_1.148;+1 Attack;;;;;;;;;;;;;;
attack_1.149;+1 Attack;;;;;;;;;;;;;;
attack_1.150;+1 Attack;;;;;;;;;;;;;;
attack_1.151;+1 Attack;;;;;;;;;;;;;;
attack_1.152;+1 Attack;;;;;;;;;;;;;;
attack_1.153;+1 Attack;;;;;;;;;;;;;;
attack_1.154;+1 Attack;;;;;;;;;;;;;;
attack_1.155;+1 Attack;;;;;;;;;;;;;;
attack_1.156;+1 Attack;;;;;;;;;;;;;;
attack_1.157;+1 Attack;;;;;;;;;;;;;;
attack_1.158;+1 Attack;;;;;;;;;;;;;;
attack_1.159;+1 Attack;;;;;;;;;;;;;;
attack_1.160;+1 Attack;;;;;;;;;;;;;;
attack_1.161;+1 Attack;;;;;;;;;;;;;;
attack_1.162;+1 Attack;;;;;;;;;;;;;;
attack_1.163;+1 Attack;;;;;;;;;;;;;;
attack_1.164;+1 Attack;;;;;;;;;;;;;;
attack_1.165;+1 Attack;;;;;;;;;;;;;;
attack_1.166;+1 Attack;;;;;;;;;;;;;;
attack_1.167;+1 Attack;;;;;;;;;;;;;;
attack_1.168;+1 Attack;;;;;;;;;;;;;;
attack_1.169;+1 Attack;;;;;;;;;;;;;;
attack_1.170;+1 Attack;;;;;;;;;;;;;;
attack_1.171;+1 Attack;;;;;;;;;;;;;;
attack_1.172;+1 Attack;;;;;;;;;;;;;;
attack_1.173;+1 Attack;;;;;;;;;;;;;;
attack_1.174;+1 Attack;;;;;;;;;;;;;;
attack_1.175;+1 Attack;;;;;;;;;;;;;;
attack_1.176;+1 Attack;;;;;;;;;;;;;;
attack_1.177;+1 Attack;;;;;;;;;;;;;;
attack_1.178;+1 Attack;;;;;;;;;;;;;;
attack_1.179;+1 Attack;;;;;;;;;;;;;;
attack_1.180;+1 Attack;;;;;;;;;;;;;;
attack_1.181;+1 Attack;;;;;;;;;;;;;;
attack_1.182;+1 Attack;;;;;;;;;;;;;;
attack_1.183;+1 Attack;;;;;;;;;;;;;;
attack_1.184;+1 Attack;;;;;;;;;;;;;;
attack_1.185;+1 Attack;;;;;;;;;;;;;;
attack_1.186;+1 Attack;;;;;;;;;;;;;;
attack_1.187;+1 Attack;;;;;;;;;;;;;;
attack_1.188;+1 Attack;;;;;;;;;;;;;;
attack_1.189;+1 Attack;;;;;;;;;;;;;;
attack_1.190;+1 Attack;;;;;;;;;;;;;;
attack_1.191;+1 Attack;;;;;;;;;;;;;;
attack_1.192;+1 Attack;;;;;;;;;;;;;;
attack_1.193;+1 Attack;;;;;;;;;;;;;;
attack_1.194;+1 Attack;;;;;;;;;;;;;;
attack_1.195;+1 Attack;;;;;;;;;;;;;;
attack_1.196;+1 Attack;;;;;;;;;;;;;;
attack_1.197;+1 Attack;;;;;;;;;;;;;;
attack_1.198;+1 Attack;;;;;;;;;;;;;;
attack_1.199;+1 Attack;;;;;;;;;;;;;;
attack_1.200;+1 Attack;;;;;;;;;;;;;;
attack_2.1;§B+2 Attack;;;;;;;;;;;;;;
attack_2.2;§B+2 Attack;;;;;;;;;;;;;;
attack_2.3;§B+2 Attack;;;;;;;;;;;;;;
attack_2.4;§B+2 Attack;;;;;;;;;;;;;;
attack_2.5;§B+2 Attack;;;;;;;;;;;;;;
attack_2.6;§B+2 Attack;;;;;;;;;;;;;;
attack_2.7;§B+2 Attack;;;;;;;;;;;;;;
attack_2.8;§B+2 Attack;;;;;;;;;;;;;;
attack_2.9;§B+2 Attack;;;;;;;;;;;;;;
attack_2.10;§B+2 Attack;;;;;;;;;;;;;;
attack_2.11;§B+2 Attack;;;;;;;;;;;;;;
attack_2.12;§B+2 Attack;;;;;;;;;;;;;;
attack_2.13;§B+2 Attack;;;;;;;;;;;;;;
attack_2.14;§B+2 Attack;;;;;;;;;;;;;;
attack_2.15;§B+2 Attack;;;;;;;;;;;;;;
attack_2.16;§B+2 Attack;;;;;;;;;;;;;;
attack_2.17;§B+2 Attack;;;;;;;;;;;;;;
attack_2.18;§B+2 Attack;;;;;;;;;;;;;;
attack_2.19;§B+2 Attack;;;;;;;;;;;;;;
attack_2.20;§B+2 Attack;;;;;;;;;;;;;;
attack_2.21;§B+2 Attack;;;;;;;;;;;;;;
attack_2.22;§B+2 Attack;;;;;;;;;;;;;;
attack_2.23;§B+2 Attack;;;;;;;;;;;;;;
attack_2.24;§B+2 Attack;;;;;;;;;;;;;;
attack_2.25;§B+2 Attack;;;;;;;;;;;;;;
attack_2.26;§B+2 Attack;;;;;;;;;;;;;;
attack_2.27;§B+2 Attack;;;;;;;;;;;;;;
attack_2.28;§B+2 Attack;;;;;;;;;;;;;;
attack_2.29;§B+2 Attack;;;;;;;;;;;;;;
attack_2.30;§B+2 Attack;;;;;;;;;;;;;;
attack_2.31;§B+2 Attack;;;;;;;;;;;;;;
attack_2.32;§B+2 Attack;;;;;;;;;;;;;;
attack_2.33;§B+2 Attack;;;;;;;;;;;;;;
attack_2.34;§B+2 Attack;;;;;;;;;;;;;;
attack_2.35;§B+2 Attack;;;;;;;;;;;;;;
attack_2.36;§B+2 Attack;;;;;;;;;;;;;;
attack_2.37;§B+2 Attack;;;;;;;;;;;;;;
attack_2.38;§B+2 Attack;;;;;;;;;;;;;;
attack_2.39;§B+2 Attack;;;;;;;;;;;;;;
attack_2.40;§B+2 Attack;;;;;;;;;;;;;;
attack_2.41;§B+2 Attack;;;;;;;;;;;;;;
attack_2.42;§B+2 Attack;;;;;;;;;;;;;;
attack_2.43;§B+2 Attack;;;;;;;;;;;;;;
attack_2.44;§B+2 Attack;;;;;;;;;;;;;;
attack_2.45;§B+2 Attack;;;;;;;;;;;;;;
attack_2.46;§B+2 Attack;;;;;;;;;;;;;;
attack_2.47;§B+2 Attack;;;;;;;;;;;;;;
attack_2.48;§B+2 Attack;;;;;;;;;;;;;;
attack_2.49;§B+2 Attack;;;;;;;;;;;;;;
attack_2.50;§B+2 Attack;;;;;;;;;;;;;;
attack_2.51;§B+2 Attack;;;;;;;;;;;;;;
attack_2.52;§B+2 Attack;;;;;;;;;;;;;;
attack_2.53;§B+2 Attack;;;;;;;;;;;;;;
attack_2.54;§B+2 Attack;;;;;;;;;;;;;;
attack_2.55;§B+2 Attack;;;;;;;;;;;;;;
attack_2.56;§B+2 Attack;;;;;;;;;;;;;;
attack_2.57;§B+2 Attack;;;;;;;;;;;;;;
attack_2.58;§B+2 Attack;;;;;;;;;;;;;;
attack_2.59;§B+2 Attack;;;;;;;;;;;;;;
attack_2.60;§B+2 Attack;;;;;;;;;;;;;;
attack_2.61;§B+2 Attack;;;;;;;;;;;;;;
attack_2.62;§B+2 Attack;;;;;;;;;;;;;;
attack_2.63;§B+2 Attack;;;;;;;;;;;;;;
attack_2.64;§B+2 Attack;;;;;;;;;;;;;;
attack_2.65;§B+2 Attack;;;;;;;;;;;;;;
attack_2.66;§B+2 Attack;;;;;;;;;;;;;;
attack_2.67;§B+2 Attack;;;;;;;;;;;;;;
attack_2.68;§B+2 Attack;;;;;;;;;;;;;;
attack_2.69;§B+2 Attack;;;;;;;;;;;;;;
attack_2.70;§B+2 Attack;;;;;;;;;;;;;;
attack_2.71;§B+2 Attack;;;;;;;;;;;;;;
attack_2.72;§B+2 Attack;;;;;;;;;;;;;;
attack_2.73;§B+2 Attack;;;;;;;;;;;;;;
attack_2.74;§B+2 Attack;;;;;;;;;;;;;;
attack_2.75;§B+2 Attack;;;;;;;;;;;;;;
attack_2.76;§B+2 Attack;;;;;;;;;;;;;;
attack_2.77;§B+2 Attack;;;;;;;;;;;;;;
attack_2.78;§B+2 Attack;;;;;;;;;;;;;;
attack_2.79;§B+2 Attack;;;;;;;;;;;;;;
attack_2.80;§B+2 Attack;;;;;;;;;;;;;;
attack_2.81;§B+2 Attack;;;;;;;;;;;;;;
attack_2.82;§B+2 Attack;;;;;;;;;;;;;;
attack_2.83;§B+2 Attack;;;;;;;;;;;;;;
attack_2.84;§B+2 Attack;;;;;;;;;;;;;;
attack_2.85;§B+2 Attack;;;;;;;;;;;;;;
attack_2.86;§B+2 Attack;;;;;;;;;;;;;;
attack_2.87;§B+2 Attack;;;;;;;;;;;;;;
attack_2.88;§B+2 Attack;;;;;;;;;;;;;;
attack_2.89;§B+2 Attack;;;;;;;;;;;;;;
attack_2.90;§B+2 Attack;;;;;;;;;;;;;;
attack_2.91;§B+2 Attack;;;;;;;;;;;;;;
attack_2.92;§B+2 Attack;;;;;;;;;;;;;;
attack_2.93;§B+2 Attack;;;;;;;;;;;;;;
attack_2.94;§B+2 Attack;;;;;;;;;;;;;;
attack_2.95;§B+2 Attack;;;;;;;;;;;;;;
attack_2.96;§B+2 Attack;;;;;;;;;;;;;;
attack_2.97;§B+2 Attack;;;;;;;;;;;;;;
attack_2.98;§B+2 Attack;;;;;;;;;;;;;;
attack_2.99;§B+2 Attack;;;;;;;;;;;;;;
attack_2.100;§B+2 Attack;;;;;;;;;;;;;;
attack_3.1;§G+3 Attack;;;;;;;;;;;;;;
attack_3.2;§G+3 Attack;;;;;;;;;;;;;;
attack_3.3;§G+3 Attack;;;;;;;;;;;;;;
attack_3.4;§G+3 Attack;;;;;;;;;;;;;;
attack_3.5;§G+3 Attack;;;;;;;;;;;;;;
attack_3.6;§G+3 Attack;;;;;;;;;;;;;;
attack_3.7;§G+3 Attack;;;;;;;;;;;;;;
attack_3.8;§G+3 Attack;;;;;;;;;;;;;;
attack_3.9;§G+3 Attack;;;;;;;;;;;;;;
attack_3.10;§G+3 Attack;;;;;;;;;;;;;;
attack_3.11;§G+3 Attack;;;;;;;;;;;;;;
attack_3.12;§G+3 Attack;;;;;;;;;;;;;;
attack_3.13;§G+3 Attack;;;;;;;;;;;;;;
attack_3.14;§G+3 Attack;;;;;;;;;;;;;;
attack_3.15;§G+3 Attack;;;;;;;;;;;;;;
attack_3.16;§G+3 Attack;;;;;;;;;;;;;;
attack_3.17;§G+3 Attack;;;;;;;;;;;;;;
attack_3.18;§G+3 Attack;;;;;;;;;;;;;;
attack_3.19;§G+3 Attack;;;;;;;;;;;;;;
attack_3.20;§G+3 Attack;;;;;;;;;;;;;;
attack_4.1;§R+4 Attack;;;;;;;;;;;;;;
attack_4.2;§R+4 Attack;;;;;;;;;;;;;;
attack_4.3;§R+4 Attack;;;;;;;;;;;;;;
attack_4.4;§R+4 Attack;;;;;;;;;;;;;;
attack_5.1;§W+5 Attack;;;;;;;;;;;;;;
defence_1.1;+1 Defence;;;;;;;;;;;;;;
defence_1.2;+1 Defence;;;;;;;;;;;;;;
defence_1.3;+1 Defence;;;;;;;;;;;;;;
defence_1.4;+1 Defence;;;;;;;;;;;;;;
defence_1.5;+1 Defence;;;;;;;;;;;;;;
defence_1.6;+1 Defence;;;;;;;;;;;;;;
defence_1.7;+1 Defence;;;;;;;;;;;;;;
defence_1.8;+1 Defence;;;;;;;;;;;;;;
defence_1.9;+1 Defence;;;;;;;;;;;;;;
defence_1.10;+1 Defence;;;;;;;;;;;;;;
defence_1.11;+1 Defence;;;;;;;;;;;;;;
defence_1.12;+1 Defence;;;;;;;;;;;;;;
defence_1.13;+1 Defence;;;;;;;;;;;;;;
defence_1.14;+1 Defence;;;;;;;;;;;;;;
defence_1.15;+1 Defence;;;;;;;;;;;;;;
defence_1.16;+1 Defence;;;;;;;;;;;;;;
defence_1.17;+1 Defence;;;;;;;;;;;;;;
defence_1.18;+1 Defence;;;;;;;;;;;;;;
defence_1.19;+1 Defence;;;;;;;;;;;;;;
defence_1.20;+1 Defence;;;;;;;;;;;;;;
defence_1.21;+1 Defence;;;;;;;;;;;;;;
defence_1.22;+1 Defence;;;;;;;;;;;;;;
defence_1.23;+1 Defence;;;;;;;;;;;;;;
defence_1.24;+1 Defence;;;;;;;;;;;;;;
defence_1.25;+1 Defence;;;;;;;;;;;;;;
defence_1.26;+1 Defence;;;;;;;;;;;;;;
defence_1.27;+1 Defence;;;;;;;;;;;;;;
defence_1.28;+1 Defence;;;;;;;;;;;;;;
defence_1.29;+1 Defence;;;;;;;;;;;;;;
defence_1.30;+1 Defence;;;;;;;;;;;;;;
defence_1.31;+1 Defence;;;;;;;;;;;;;;
defence_1.32;+1 Defence;;;;;;;;;;;;;;
defence_1.33;+1 Defence;;;;;;;;;;;;;;
defence_1.34;+1 Defence;;;;;;;;;;;;;;
defence_1.35;+1 Defence;;;;;;;;;;;;;;
defence_1.36;+1 Defence;;;;;;;;;;;;;;
defence_1.37;+1 Defence;;;;;;;;;;;;;;
defence_1.38;+1 Defence;;;;;;;;;;;;;;
defence_1.39;+1 Defence;;;;;;;;;;;;;;
defence_1.40;+1 Defence;;;;;;;;;;;;;;
defence_1.41;+1 Defence;;;;;;;;;;;;;;
defence_1.42;+1 Defence;;;;;;;;;;;;;;
defence_1.43;+1 Defence;;;;;;;;;;;;;;
defence_1.44;+1 Defence;;;;;;;;;;;;;;
defence_1.45;+1 Defence;;;;;;;;;;;;;;
defence_1.46;+1 Defence;;;;;;;;;;;;;;
defence_1.47;+1 Defence;;;;;;;;;;;;;;
defence_1.48;+1 Defence;;;;;;;;;;;;;;
defence_1.49;+1 Defence;;;;;;;;;;;;;;
defence_1.50;+1 Defence;;;;;;;;;;;;;;
defence_1.51;+1 Defence;;;;;;;;;;;;;;
defence_1.52;+1 Defence;;;;;;;;;;;;;;
defence_1.53;+1 Defence;;;;;;;;;;;;;;
defence_1.54;+1 Defence;;;;;;;;;;;;;;
defence_1.55;+1 Defence;;;;;;;;;;;;;;
defence_1.56;+1 Defence;;;;;;;;;;;;;;
defence_1.57;+1 Defence;;;;;;;;;;;;;;
defence_1.58;+1 Defence;;;;;;;;;;;;;;
defence_1.59;+1 Defence;;;;;;;;;;;;;;
defence_1.60;+1 Defence;;;;;;;;;;;;;;
defence_1.61;+1 Defence;;;;;;;;;;;;;;
defence_1.62;+1 Defence;;;;;;;;;;;;;;
defence_1.63;+1 Defence;;;;;;;;;;;;;;
defence_1.64;+1 Defence;;;;;;;;;;;;;;
defence_1.65;+1 Defence;;;;;;;;;;;;;;
defence_1.66;+1 Defence;;;;;;;;;;;;;;
defence_1.67;+1 Defence;;;;;;;;;;;;;;
defence_1.68;+1 Defence;;;;;;;;;;;;;;
defence_1.69;+1 Defence;;;;;;;;;;;;;;
defence_1.70;+1 Defence;;;;;;;;;;;;;;
defence_1.71;+1 Defence;;;;;;;;;;;;;;
defence_1.72;+1 Defence;;;;;;;;;;;;;;
defence_1.73;+1 Defence;;;;;;;;;;;;;;
defence_1.74;+1 Defence;;;;;;;;;;;;;;
defence_1.75;+1 Defence;;;;;;;;;;;;;;
defence_1.76;+1 Defence;;;;;;;;;;;;;;
defence_1.77;+1 Defence;;;;;;;;;;;;;;
defence_1.78;+1 Defence;;;;;;;;;;;;;;
defence_1.79;+1 Defence;;;;;;;;;;;;;;
defence_1.80;+1 Defence;;;;;;;;;;;;;;
defence_1.81;+1 Defence;;;;;;;;;;;;;;
defence_1.82;+1 Defence;;;;;;;;;;;;;;
defence_1.83;+1 Defence;;;;;;;;;;;;;;
defence_1.84;+1 Defence;;;;;;;;;;;;;;
defence_1.85;+1 Defence;;;;;;;;;;;;;;
defence_1.86;+1 Defence;;;;;;;;;;;;;;
defence_1.87;+1 Defence;;;;;;;;;;;;;;
defence_1.88;+1 Defence;;;;;;;;;;;;;;
defence_1.89;+1 Defence;;;;;;;;;;;;;;
defence_1.90;+1 Defence;;;;;;;;;;;;;;
defence_1.91;+1 Defence;;;;;;;;;;;;;;
defence_1.92;+1 Defence;;;;;;;;;;;;;;
defence_1.93;+1 Defence;;;;;;;;;;;;;;
defence_1.94;+1 Defence;;;;;;;;;;;;;;
defence_1.95;+1 Defence;;;;;;;;;;;;;;
defence_1.96;+1 Defence;;;;;;;;;;;;;;
defence_1.97;+1 Defence;;;;;;;;;;;;;;
defence_1.98;+1 Defence;;;;;;;;;;;;;;
defence_1.99;+1 Defence;;;;;;;;;;;;;;
defence_1.100;+1 Defence;;;;;;;;;;;;;;
defence_1.101;+1 Defence;;;;;;;;;;;;;;
defence_1.102;+1 Defence;;;;;;;;;;;;;;
defence_1.103;+1 Defence;;;;;;;;;;;;;;
defence_1.104;+1 Defence;;;;;;;;;;;;;;
defence_1.105;+1 Defence;;;;;;;;;;;;;;
defence_1.106;+1 Defence;;;;;;;;;;;;;;
defence_1.107;+1 Defence;;;;;;;;;;;;;;
defence_1.108;+1 Defence;;;;;;;;;;;;;;
defence_1.109;+1 Defence;;;;;;;;;;;;;;
defence_1.110;+1 Defence;;;;;;;;;;;;;;
defence_1.111;+1 Defence;;;;;;;;;;;;;;
defence_1.112;+1 Defence;;;;;;;;;;;;;;
defence_1.113;+1 Defence;;;;;;;;;;;;;;
defence_1.114;+1 Defence;;;;;;;;;;;;;;
defence_1.115;+1 Defence;;;;;;;;;;;;;;
defence_1.116;+1 Defence;;;;;;;;;;;;;;
defence_1.117;+1 Defence;;;;;;;;;;;;;;
defence_1.118;+1 Defence;;;;;;;;;;;;;;
defence_1.119;+1 Defence;;;;;;;;;;;;;;
defence_1.120;+1 Defence;;;;;;;;;;;;;;
defence_1.121;+1 Defence;;;;;;;;;;;;;;
defence_1.122;+1 Defence;;;;;;;;;;;;;;
defence_1.123;+1 Defence;;;;;;;;;;;;;;
defence_1.124;+1 Defence;;;;;;;;;;;;;;
defence_1.125;+1 Defence;;;;;;;;;;;;;;
defence_1.126;+1 Defence;;;;;;;;;;;;;;
defence_1.127;+1 Defence;;;;;;;;;;;;;;
defence_1.128;+1 Defence;;;;;;;;;;;;;;
defence_1.129;+1 Defence;;;;;;;;;;;;;;
defence_1.130;+1 Defence;;;;;;;;;;;;;;
defence_1.131;+1 Defence;;;;;;;;;;;;;;
defence_1.132;+1 Defence;;;;;;;;;;;;;;
defence_1.133;+1 Defence;;;;;;;;;;;;;;
defence_1.134;+1 Defence;;;;;;;;;;;;;;
defence_1.135;+1 Defence;;;;;;;;;;;;;;
defence_1.136;+1 Defence;;;;;;;;;;;;;;
defence_1.137;+1 Defence;;;;;;;;;;;;;;
defence_1.138;+1 Defence;;;;;;;;;;;;;;
defence_1.139;+1 Defence;;;;;;;;;;;;;;
defence_1.140;+1 Defence;;;;;;;;;;;;;;
defence_1.141;+1 Defence;;;;;;;;;;;;;;
defence_1.142;+1 Defence;;;;;;;;;;;;;;
defence_1.143;+1 Defence;;;;;;;;;;;;;;
defence_1.144;+1 Defence;;;;;;;;;;;;;;
defence_1.145;+1 Defence;;;;;;;;;;;;;;
defence_1.146;+1 Defence;;;;;;;;;;;;;;
defence_1.147;+1 Defence;;;;;;;;;;;;;;
defence_1.148;+1 Defence;;;;;;;;;;;;;;
defence_1.149;+1 Defence;;;;;;;;;;;;;;
defence_1.150;+1 Defence;;;;;;;;;;;;;;
defence_1.151;+1 Defence;;;;;;;;;;;;;;
defence_1.152;+1 Defence;;;;;;;;;;;;;;
defence_1.153;+1 Defence;;;;;;;;;;;;;;
defence_1.154;+1 Defence;;;;;;;;;;;;;;
defence_1.155;+1 Defence;;;;;;;;;;;;;;
defence_1.156;+1 Defence;;;;;;;;;;;;;;
defence_1.157;+1 Defence;;;;;;;;;;;;;;
defence_1.158;+1 Defence;;;;;;;;;;;;;;
defence_1.159;+1 Defence;;;;;;;;;;;;;;
defence_1.160;+1 Defence;;;;;;;;;;;;;;
defence_1.161;+1 Defence;;;;;;;;;;;;;;
defence_1.162;+1 Defence;;;;;;;;;;;;;;
defence_1.163;+1 Defence;;;;;;;;;;;;;;
defence_1.164;+1 Defence;;;;;;;;;;;;;;
defence_1.165;+1 Defence;;;;;;;;;;;;;;
defence_1.166;+1 Defence;;;;;;;;;;;;;;
defence_1.167;+1 Defence;;;;;;;;;;;;;;
defence_1.168;+1 Defence;;;;;;;;;;;;;;
defence_1.169;+1 Defence;;;;;;;;;;;;;;
defence_1.170;+1 Defence;;;;;;;;;;;;;;
defence_1.171;+1 Defence;;;;;;;;;;;;;;
defence_1.172;+1 Defence;;;;;;;;;;;;;;
defence_1.173;+1 Defence;;;;;;;;;;;;;;
defence_1.174;+1 Defence;;;;;;;;;;;;;;
defence_1.175;+1 Defence;;;;;;;;;;;;;;
defence_1.176;+1 Defence;;;;;;;;;;;;;;
defence_1.177;+1 Defence;;;;;;;;;;;;;;
defence_1.178;+1 Defence;;;;;;;;;;;;;;
defence_1.179;+1 Defence;;;;;;;;;;;;;;
defence_1.180;+1 Defence;;;;;;;;;;;;;;
defence_1.181;+1 Defence;;;;;;;;;;;;;;
defence_1.182;+1 Defence;;;;;;;;;;;;;;
defence_1.183;+1 Defence;;;;;;;;;;;;;;
defence_1.184;+1 Defence;;;;;;;;;;;;;;
defence_1.185;+1 Defence;;;;;;;;;;;;;;
defence_1.186;+1 Defence;;;;;;;;;;;;;;
defence_1.187;+1 Defence;;;;;;;;;;;;;;
defence_1.188;+1 Defence;;;;;;;;;;;;;;
defence_1.189;+1 Defence;;;;;;;;;;;;;;
defence_1.190;+1 Defence;;;;;;;;;;;;;;
defence_1.191;+1 Defence;;;;;;;;;;;;;;
defence_1.192;+1 Defence;;;;;;;;;;;;;;
defence_1.193;+1 Defence;;;;;;;;;;;;;;
defence_1.194;+1 Defence;;;;;;;;;;;;;;
defence_1.195;+1 Defence;;;;;;;;;;;;;;
defence_1.196;+1 Defence;;;;;;;;;;;;;;
defence_1.197;+1 Defence;;;;;;;;;;;;;;
defence_1.198;+1 Defence;;;;;;;;;;;;;;
defence_1.199;+1 Defence;;;;;;;;;;;;;;
defence_1.200;+1 Defence;;;;;;;;;;;;;;
defence_2.1;§B+2 Defence;;;;;;;;;;;;;;
defence_2.2;§B+2 Defence;;;;;;;;;;;;;;
defence_2.3;§B+2 Defence;;;;;;;;;;;;;;
defence_2.4;§B+2 Defence;;;;;;;;;;;;;;
defence_2.5;§B+2 Defence;;;;;;;;;;;;;;
defence_2.6;§B+2 Defence;;;;;;;;;;;;;;
defence_2.7;§B+2 Defence;;;;;;;;;;;;;;
defence_2.8;§B+2 Defence;;;;;;;;;;;;;;
defence_2.9;§B+2 Defence;;;;;;;;;;;;;;
defence_2.10;§B+2 Defence;;;;;;;;;;;;;;
defence_2.11;§B+2 Defence;;;;;;;;;;;;;;
defence_2.12;§B+2 Defence;;;;;;;;;;;;;;
defence_2.13;§B+2 Defence;;;;;;;;;;;;;;
defence_2.14;§B+2 Defence;;;;;;;;;;;;;;
defence_2.15;§B+2 Defence;;;;;;;;;;;;;;
defence_2.16;§B+2 Defence;;;;;;;;;;;;;;
defence_2.17;§B+2 Defence;;;;;;;;;;;;;;
defence_2.18;§B+2 Defence;;;;;;;;;;;;;;
defence_2.19;§B+2 Defence;;;;;;;;;;;;;;
defence_2.20;§B+2 Defence;;;;;;;;;;;;;;
defence_2.21;§B+2 Defence;;;;;;;;;;;;;;
defence_2.22;§B+2 Defence;;;;;;;;;;;;;;
defence_2.23;§B+2 Defence;;;;;;;;;;;;;;
defence_2.24;§B+2 Defence;;;;;;;;;;;;;;
defence_2.25;§B+2 Defence;;;;;;;;;;;;;;
defence_2.26;§B+2 Defence;;;;;;;;;;;;;;
defence_2.27;§B+2 Defence;;;;;;;;;;;;;;
defence_2.28;§B+2 Defence;;;;;;;;;;;;;;
defence_2.29;§B+2 Defence;;;;;;;;;;;;;;
defence_2.30;§B+2 Defence;;;;;;;;;;;;;;
defence_2.31;§B+2 Defence;;;;;;;;;;;;;;
defence_2.32;§B+2 Defence;;;;;;;;;;;;;;
defence_2.33;§B+2 Defence;;;;;;;;;;;;;;
defence_2.34;§B+2 Defence;;;;;;;;;;;;;;
defence_2.35;§B+2 Defence;;;;;;;;;;;;;;
defence_2.36;§B+2 Defence;;;;;;;;;;;;;;
defence_2.37;§B+2 Defence;;;;;;;;;;;;;;
defence_2.38;§B+2 Defence;;;;;;;;;;;;;;
defence_2.39;§B+2 Defence;;;;;;;;;;;;;;
defence_2.40;§B+2 Defence;;;;;;;;;;;;;;
defence_2.41;§B+2 Defence;;;;;;;;;;;;;;
defence_2.42;§B+2 Defence;;;;;;;;;;;;;;
defence_2.43;§B+2 Defence;;;;;;;;;;;;;;
defence_2.44;§B+2 Defence;;;;;;;;;;;;;;
defence_2.45;§B+2 Defence;;;;;;;;;;;;;;
defence_2.46;§B+2 Defence;;;;;;;;;;;;;;
defence_2.47;§B+2 Defence;;;;;;;;;;;;;;
defence_2.48;§B+2 Defence;;;;;;;;;;;;;;
defence_2.49;§B+2 Defence;;;;;;;;;;;;;;
defence_2.50;§B+2 Defence;;;;;;;;;;;;;;
defence_2.51;§B+2 Defence;;;;;;;;;;;;;;
defence_2.52;§B+2 Defence;;;;;;;;;;;;;;
defence_2.53;§B+2 Defence;;;;;;;;;;;;;;
defence_2.54;§B+2 Defence;;;;;;;;;;;;;;
defence_2.55;§B+2 Defence;;;;;;;;;;;;;;
defence_2.56;§B+2 Defence;;;;;;;;;;;;;;
defence_2.57;§B+2 Defence;;;;;;;;;;;;;;
defence_2.58;§B+2 Defence;;;;;;;;;;;;;;
defence_2.59;§B+2 Defence;;;;;;;;;;;;;;
defence_2.60;§B+2 Defence;;;;;;;;;;;;;;
defence_2.61;§B+2 Defence;;;;;;;;;;;;;;
defence_2.62;§B+2 Defence;;;;;;;;;;;;;;
defence_2.63;§B+2 Defence;;;;;;;;;;;;;;
defence_2.64;§B+2 Defence;;;;;;;;;;;;;;
defence_2.65;§B+2 Defence;;;;;;;;;;;;;;
defence_2.66;§B+2 Defence;;;;;;;;;;;;;;
defence_2.67;§B+2 Defence;;;;;;;;;;;;;;
defence_2.68;§B+2 Defence;;;;;;;;;;;;;;
defence_2.69;§B+2 Defence;;;;;;;;;;;;;;
defence_2.70;§B+2 Defence;;;;;;;;;;;;;;
defence_2.71;§B+2 Defence;;;;;;;;;;;;;;
defence_2.72;§B+2 Defence;;;;;;;;;;;;;;
defence_2.73;§B+2 Defence;;;;;;;;;;;;;;
defence_2.74;§B+2 Defence;;;;;;;;;;;;;;
defence_2.75;§B+2 Defence;;;;;;;;;;;;;;
defence_2.76;§B+2 Defence;;;;;;;;;;;;;;
defence_2.77;§B+2 Defence;;;;;;;;;;;;;;
defence_2.78;§B+2 Defence;;;;;;;;;;;;;;
defence_2.79;§B+2 Defence;;;;;;;;;;;;;;
defence_2.80;§B+2 Defence;;;;;;;;;;;;;;
defence_2.81;§B+2 Defence;;;;;;;;;;;;;;
defence_2.82;§B+2 Defence;;;;;;;;;;;;;;
defence_2.83;§B+2 Defence;;;;;;;;;;;;;;
defence_2.84;§B+2 Defence;;;;;;;;;;;;;;
defence_2.85;§B+2 Defence;;;;;;;;;;;;;;
defence_2.86;§B+2 Defence;;;;;;;;;;;;;;
defence_2.87;§B+2 Defence;;;;;;;;;;;;;;
defence_2.88;§B+2 Defence;;;;;;;;;;;;;;
defence_2.89;§B+2 Defence;;;;;;;;;;;;;;
defence_2.90;§B+2 Defence;;;;;;;;;;;;;;
defence_2.91;§B+2 Defence;;;;;;;;;;;;;;
defence_2.92;§B+2 Defence;;;;;;;;;;;;;;
defence_2.93;§B+2 Defence;;;;;;;;;;;;;;
defence_2.94;§B+2 Defence;;;;;;;;;;;;;;
defence_2.95;§B+2 Defence;;;;;;;;;;;;;;
defence_2.96;§B+2 Defence;;;;;;;;;;;;;;
defence_2.97;§B+2 Defence;;;;;;;;;;;;;;
defence_2.98;§B+2 Defence;;;;;;;;;;;;;;
defence_2.99;§B+2 Defence;;;;;;;;;;;;;;
defence_2.100;§B+2 Defence;;;;;;;;;;;;;;
defence_3.1;§G+3 Defence;;;;;;;;;;;;;;
defence_3.2;§G+3 Defence;;;;;;;;;;;;;;
defence_3.3;§G+3 Defence;;;;;;;;;;;;;;
defence_3.4;§G+3 Defence;;;;;;;;;;;;;;
defence_3.5;§G+3 Defence;;;;;;;;;;;;;;
defence_3.6;§G+3 Defence;;;;;;;;;;;;;;
defence_3.7;§G+3 Defence;;;;;;;;;;;;;;
defence_3.8;§G+3 Defence;;;;;;;;;;;;;;
defence_3.9;§G+3 Defence;;;;;;;;;;;;;;
defence_3.10;§G+3 Defence;;;;;;;;;;;;;;
defence_3.11;§G+3 Defence;;;;;;;;;;;;;;
defence_3.12;§G+3 Defence;;;;;;;;;;;;;;
defence_3.13;§G+3 Defence;;;;;;;;;;;;;;
defence_3.14;§G+3 Defence;;;;;;;;;;;;;;
defence_3.15;§G+3 Defence;;;;;;;;;;;;;;
defence_3.16;§G+3 Defence;;;;;;;;;;;;;;
defence_3.17;§G+3 Defence;;;;;;;;;;;;;;
defence_3.18;§G+3 Defence;;;;;;;;;;;;;;
defence_3.19;§G+3 Defence;;;;;;;;;;;;;;
defence_3.20;§G+3 Defence;;;;;;;;;;;;;;
defence_4.1;§R+4 Defence;;;;;;;;;;;;;;
defence_4.2;§R+4 Defence;;;;;;;;;;;;;;
defence_4.3;§R+4 Defence;;;;;;;;;;;;;;
defence_4.4;§R+4 Defence;;;;;;;;;;;;;;
defence_5.1;§W+5 Defence;;;;;;;;;;;;;;
plc_buff;PLC Mob Buff;;;;;;;;;;;;;;
province_selector;Province Selector;;;;;;;;;;;;;;;;;;;;;;;;;;;x
economic_thought_and_critique;National Ideas;;;;;;;;;;;;;
early_classical_theory_and_critique;Unlock Province Selector;;;;;;;;;;;;;
late_classical_theory;1st National Idea;;;;;;;;;;;;;
collectivist_theory;2nd National Idea;;;;;;;;;;;;;
the_historical_theory;3rd National Idea;;;;;;;;;;;;;
neoclassical_theory;4th National Idea;;;;;;;;;;;;;
keynesian_economics;5th National Idea;;;;;;;;;;;;;
neoliberal_theory;6th National Idea;;;;;;;;;;;;;;
commerce_row_completion1;Commerce Row Completion 1;;;;;;;;;x;;;;
commerce_row_completion1_desc; ;;;;;;;;;x;;;;
commerce_row_completion2;Commerce Row Completion 2;;;;;;;;;x;;;;
commerce_row_completion2_desc; ;;;;;;;;;x;;;;
commerce_row_completion3;Commerce Row Completion 3;;;;;;;;;x;;;;
commerce_row_completion3_desc; ;;;;;;;;;x;;;;
commerce_row_completion4;Commerce Row Completion 4\n§G-10% §WSupply Consumption;;;;;;;;;x;;;;
commerce_row_completion4_desc; ;;;;;;;;;x;;;;
commerce_row_completion5;Commerce Row Completion 5\n§G-50% §WPension Level;;;;;;;;;x;;;;
commerce_row_completion5_desc; ;;;;;;;;;x;;;;
commerce_row_completion6;Commerce Row Completion 6;;;;;;;;;x;;;;
commerce_row_completion6_desc; ;;;;;;;;;x;;;;
culture_row_completion1;Culture Row Completion 1;;;;;;;;;x;;;;
culture_row_completion1_desc; ;;;;;;;;;x;;;;
culture_row_completion2;Culture Row Completion 2;;;;;;;;;x;;;;
culture_row_completion2_desc; ;;;;;;;;;x;;;;
culture_row_completion3;Culture Row Completion 3\n§G+5 §WLand Unit Starting Experience;;;;;;;;;x;;;;
culture_row_completion3_desc; ;;;;;;;;;x;;;;
culture_row_completion4;Culture Row Completion 4;;;;;;;;;x;;;;
culture_row_completion4_desc; ;;;;;;;;;x;;;;
culture_row_completion5;Culture Row Completion 5;;;;;;;;;x;;;;
culture_row_completion5_desc; ;;;;;;;;;x;;;;
culture_row_completion6;Culture Row Completion 6;;;;;;;;;x;;;;
culture_row_completion6_desc; ;;;;;;;;;x;;;;
industry_row_completion1;Industry Row Completion 1;;;;;;;;;x;;;;
industry_row_completion1_desc; ;;;;;;;;;x;;;;
industry_row_completion2;Industry Row Completion 2;;;;;;;;;x;;;;
industry_row_completion2_desc; ;;;;;;;;;x;;;;
industry_row_completion3;Industry Row Completion 3;;;;;;;;;x;;;;
industry_row_completion3_desc; ;;;;;;;;;x;;;;
industry_row_completion4;Industry Row Completion 4;;;;;;;;;x;;;;
industry_row_completion4_desc; ;;;;;;;;;x;;;;
industry_row_completion5;Industry Row Completion 5;;;;;;;;;x;;;;
industry_row_completion5_desc; ;;;;;;;;;x;;;;
navy_row_completion1;Navy Row Completion 1;;;;;;;;;x;;;;
navy_row_completion1_desc; ;;;;;;;;;x;;;;
navy_row_completion2;Navy Row Completion 2;;;;;;;;;x;;;;
navy_row_completion2_desc; ;;;;;;;;;x;;;;
navy_row_completion3;Navy Row Completion 3;;;;;;;;;x;;;;
navy_row_completion3_desc; ;;;;;;;;;x;;;;
navy_row_completion4;Navy Row Completion 4;;;;;;;;;x;;;;
navy_row_completion4_desc; ;;;;;;;;;x;;;;
army_row_completion1;Army Row Completion 1;;;;;;;;;x;;;;
army_row_completion1_desc; ;;;;;;;;;x;;;;
army_row_completion2;Army Row Completion 2\n§G+0.05 §WLeadership Points;;;;;;;;;x;;;;
army_row_completion2_desc; ;;;;;;;;;x;;;;
army_row_completion3;Army Row Completion 3;;;;;;;;;x;;;;
army_row_completion3_desc; ;;;;;;;;;x;;;;
army_row_completion4;Army Row Completion 4;;;;;;;;;x;;;;
army_row_completion4_desc; ;;;;;;;;;x;;;;
PS_unlocked;PS Building Unlocked;;;;;;;;;;;;;x
PS_unlocked_desc;You can now build Province Selector buildings.;;;;;;;;;;;;;x
PRO;§WProvince RGO Expansion Flag\n§YIn Victoria 2, when a province changes owners, all old province modifiers are automatically removed. This flag allows RGO expansions to be remembered and transferred if a province changes ownership.;;;;;;;;;;;;;x
SMA;§YSmall State CB Flag\n§WThis flag enables the Acquire Small State CB to be used against this state and is automatically added to all states with less than 150K population before 1860, less than 200k between 1860-1885, less than 300k between 1885-1910, and less than 450k after 1910. When this state's population rises above the small state threshold this flag will be removed at the start of the following year. §RSmall State CB cannot be used on capital states or uncivilized Sub-Saharan African nations.§!;;;;;;;;;;;;;x
MST;§YMedium State CB Flag\n§WThis flag enables the Acquire Small State CB to be used against this state and is automatically added to all states with less than 300K population before 1860, less than 400k between 1860-1885, less than 600k between 1885-1910, and less than 900k after 1910. When this state's population rises above the small state threshold this flag will be removed at the start of the following year. §RMedium State CB cannot be used on capital states or uncivilized Sub-Saharan African nations.§!;;;;;;;;;;;;;x
national_idea1;§GNational Idea;;;;;;;;;;;;;;
national_idea1_desc;This invention unlocks another national idea.;;;;;;;;;;;;;;
national_idea1_invented;1 National Idea;;;;;;;;;;;;;;
national_idea2;§GNational Idea;;;;;;;;;;;;;;
national_idea2_desc;This invention unlocks another national idea.;;;;;;;;;;;;;;
national_idea2_invented;2 National Ideas;;;;;;;;;;;;;;
national_idea3;§GNational Idea;;;;;;;;;;;;;;
national_idea3_desc;This invention unlocks another national idea.;;;;;;;;;;;;;;
national_idea3_invented;3 National Ideas;;;;;;;;;;;;;;
national_idea4;§GNational Idea;;;;;;;;;;;;;;
national_idea4_desc;This invention unlocks another national idea.;;;;;;;;;;;;;;
national_idea4_invented;4 National Ideas;;;;;;;;;;;;;;
national_idea5;§GNational Idea;;;;;;;;;;;;;;
national_idea5_desc;This invention unlocks another national idea.;;;;;;;;;;;;;;
national_idea5_invented;5 National Ideas;;;;;;;;;;;;;;
national_idea6;§GNational Idea;;;;;;;;;;;;;;
national_idea6_desc;This invention unlocks another national idea.;;;;;;;;;;;;;;
national_idea6_invented;6 National Ideas;;;;;;;;;;;;;;
army_morale_idea;Army Morale National Idea;;;;;;;;;;;;;;
army_morale_idea_desc;This effect is additive, e.g. if your army morale is 200%, this will raise it to 250%.;;;;;;;;;;;;;;
army_organisation_idea;Army Organisation National Idea;;;;;;;;;;;;;;
army_organisation_idea_desc;This effect is multiplicative. The max organization of a land unit is (base organization of unit + army organization from techs) * (1 + land organization). An infantry brigade has a base organization of 30, so without any techs researched the max org it will have with this modifier is (30 + 0) * (1 + 0.2) = 36.;;;;;;;;;;;;;;
military_supplies;Military Supplies National Idea\n§WSupply Consumption §G-15%;;;;;;;;;;;;;;
military_supplies_desc;This reduces supply consumption for all units by 15%.;;;;;;;;;;;;;;
military_supplies_idea;Military Supplies National Idea;;;;;;;;;;;;;;
military_supplies_idea_desc;This gives -15% Supply Consumption Bonus. For example, if the base supply consumption of your armies is increased to 200% from techs, this will lower it to 170%.;;;;;;;;;;;;;;
military_hospitals_idea;Military Hospital Idea\n§WMilitary Hospitals: §G+20%;;;;;;;;;;;;;;
military_hospitals_idea_desc;This bonus reduces POP deaths from combat casualties to a rate of 1 to 0.208, down from a base rate of 1 to 0.25. POP deaths from combat casualties is calculated as SOLDIER_TO_POP_DAMAGE/(1 + military_hospital modifier). The base SOLDIER_TO_POP_DAMAGE in this mod is 0.25, so a military hospital modifier of 20% or 0.2, reduces POP deaths to 0.25/(1 + 0.2) = 0.208.;;;;;;;;;;;;;;
military_hospitals_idea_invention;Military Hospitals National Idea;;;;;;;;;;;;;;
military_hospitals_idea_invention_desc;This bonus reduces POP deaths from combat casualties to a rate of 1 to 0.208, down from a base rate of 1 to 0.25. POP deaths from combat casualties is calculated as SOLDIER_TO_POP_DAMAGE/(1 + military_hospital modifier). The base SOLDIER_TO_POP_DAMAGE in this mod is 0.25, so a military hospital modifier of 20% (0.2), reduces POP deaths to 0.25/(1 + 0.2) = 0.208.;;;;;;;;;;;;;;
army_experience_idea;Army Experience National Idea;;;;;;;;;;;;;;
army_experience_idea_desc;Each point of experience lowers the damage taken during combat at the same rate as one point of military tactics.;;;;;;;;;;;;;;
reinforce_rate_idea;Reinforce Rate Idea\n§WReinforcement: §G+15%;;;;;;;;;;;;;;
reinforce_rate_idea_desc;This bonus increases reinforce rate by +15%. No matter the reinforce rate however, your units' reinforce rate is multiplied by the amount of supplies they are getting, so if your armies aren't getting any supplies they won't reinforce even with a large reinforce rate bonus.;;;;;;;;;;;;;;
reinforce_rate_idea_invention;Reinforce Rate Idea;;;;;;;;;;;;;;
reinforce_rate_idea_invention_desc;Your units' reinforce rate is multiplied by the amount of supplies they are getting, so if your armies aren't getting any supplies they won't reinforce even with a large reinforce rate bonus.;;;;;;;;;;;;;;
leadership_idea;Leadership National Idea;;;;;;;;;;;;;;
leadership_idea_desc;Increased Monthly Base Leadership.;;;;;;;;;;;;;;
prestige_idea;Prestige National Idea;;;;;;;;;;;;;;
prestige_idea_desc;Increased Monthly Base Prestige.;;;;;;;;;;;;;;
navy_build_speed_idea;Navy Build Speed National Idea\n§WNavies: Build Time §G-30%\n§WLocal Ship Repair Speed: §G+50%;;;;;;;;;;;;;;
navy_build_speed_idea_desc;Base build time of ships is reduced by 30% and repair is 50% faster. The base build time reduction stacks with base build time reductions from port levels and other techs.;;;;;;;;;;;;;;
navy_build_speed_idea_modifier;Naval Build Speed National Idea;;;;;;;;;;;;;;
navy_organisation_idea;Navy Organisation National Idea;;;;;;;;;;;;;;
navy_organisation_idea_desc;This effect is multiplicative. The max organization of a naval unit is (base organization of unit + navy organization from techs) * (1 + navy organization). For example, a frigate has a base org of 30, and if it has +18 org from techs, the max org it will have with this modifier is (30 + 18) * (1 + 0.15) = 55.2.;;;;;;;;;;;;;;
expansion_idea;Expansion National Idea;;;;;;;;;;;;;;
expansion_idea_desc;Increased Monthly Infamy Decay.;;;;;;;;;;;;;;
assimilation_idea;Assimilation National Idea;;;;;;;;;;;;;;
assimilation_idea_desc;Assimilation rate is multiplied by the assimilation chance to determine the amount of assimilation in a POP. If either assimilation rate or chance is 0, or there is no assimilation target, then no assimilation will take place. POPs will never assimilate in a province they have a core in, so e.g. Romanian POPs in Romanian cored land won't assimilate but Romanian POPs in non Romanian land will assimilate.;;;;;;;;;;;;;;
farming_idea;Farming National Idea;;;;;;;;;;;;;;
farming_idea_desc;+Increased Farming Efficiency.;;;;;;;;;;;;;;
mining_idea;Mining National Idea;;;;;;;;;;;;;;
mining_idea_desc;Increased Mining Efficiency.;;;;;;;;;;;;;;
consumer_goods_idea;Consumer Goods National Idea;;;;;;;;;;;;;;
consumer_goods_idea_desc;Provides an output bonus to various factory produced consumer goods.;;;;;;;;;;;;;;
industrial_goods_idea;Industrial Goods National Idea;;;;;;;;;;;;;;
industrial_goods_idea_desc;Provides an output bonus to various factory produced industrial goods.;;;;;;;;;;;;;;
domestic_idea;Unlock Migration Attraction National Idea;;;;;;;;;;;;;;
domestic_idea_desc;Unlocks Migration Attraction decision, which redirects incoming immigrants and internal migrants to the targetted province. This does NOT increase the amount of outside POPs that immigrate to your country.;;;;;;;;;;;;;;
education_idea;Education National Idea;;;;;;;;;;;;;;
education_idea_desc;Increased Education Efficiency.;;;;;;;;;;;;;;
zprovince_migration_reset_title;§RReset Province Migration;;;;;;;;;x;;;;
zprovince_migration_reset_desc;Removes all current province migration modifiers.;;;;;;;;;x;;;;
zstate_baby_boom_title;§GBaby Boom;;;;;;;;;x;;;;
zstate_baby_boom_desc;Gives a small baby boom modifier to the selected state and adds a 15 year cooldown timer. The duration is inversely proportional to the size of the state, e.g. a state with 90K population will have the modifier last 10x longer than a state with 900K population. Cannot be used on states above 1M population.;;;;;;;;;x;;;;
zstate_baby_boom_100k_title;§G0-100k State Population Baby Boom;;;;;;;;;x;;;;
zstate_baby_boom_100k_desc;Gives a small baby boom modifier to the selected state for 3000 days and adds a 15 year cooldown timer.;;;;;;;;;x;;;;
zstate_baby_boom_200k_title;§G100k-200k State Population Baby Boom;;;;;;;;;x;;;;
zstate_baby_boom_200k_desc;Gives a small baby boom modifier to the selected state for 2700 days and adds a 15 year cooldown timer.;;;;;;;;;x;;;;
zstate_baby_boom_300k_title;§G200k-300k State Population Baby Boom;;;;;;;;;x;;;;
zstate_baby_boom_300k_desc;Gives a small baby boom modifier to the selected state for 2400 days and adds a 15 year cooldown timer.;;;;;;;;;x;;;;
zstate_baby_boom_400k_title;§G300k-400k State Population Baby Boom;;;;;;;;;x;;;;
zstate_baby_boom_400k_desc;Gives a small baby boom modifier to the selected state for 2100 days and adds a 15 year cooldown timer.;;;;;;;;;x;;;;
zstate_baby_boom_500k_title;§G400k-500k State Population Baby Boom;;;;;;;;;x;;;;
zstate_baby_boom_500k_desc;Gives a small baby boom modifier to the selected state for 1800 days and adds a 15 year cooldown timer.;;;;;;;;;x;;;;
zstate_baby_boom_600k_title;§G500k-600k State Population Baby Boom;;;;;;;;;x;;;;
zstate_baby_boom_600k_desc;Gives a small baby boom modifier to the selected state for 1500 days and adds a 15 year cooldown timer.;;;;;;;;;x;;;;
zstate_baby_boom_700k_title;§G600k-700k State Population Baby Boom;;;;;;;;;x;;;;
zstate_baby_boom_700k_desc;Gives a small baby boom modifier to the selected state for 1200 days and adds a 15 year cooldown timer.;;;;;;;;;x;;;;
zstate_baby_boom_800k_title;§G700k-800k State Population Baby Boom;;;;;;;;;x;;;;
zstate_baby_boom_800k_desc;Gives a small baby boom modifier to the selected state for 900 days and adds a 15 year cooldown timer.;;;;;;;;;x;;;;
zstate_baby_boom_900k_title;§G800k-900k State Population Baby Boom;;;;;;;;;x;;;;
zstate_baby_boom_900k_desc;Gives a small baby boom modifier to the selected state for 600 days and adds a 15 year cooldown timer.;;;;;;;;;x;;;;
zstate_baby_boom_1M_title;§G900k-1M State Population Baby Boom;;;;;;;;;x;;;;
zstate_baby_boom_1M_desc;Gives a small baby boom modifier to the selected state for 300 days and adds a 15 year cooldown timer.;;;;;;;;;x;;;;
zprovince_mining_title;§GMine RGO Expansion.;;;;;;;;;x;;;;
zprovince_mining_desc;Gives a permanent boost to mine size to the selected province.;;;;;;;;;x;;;;
zprovince_mining_expansion_title;§GMine RGO Expansion.;;;;;;;;;x;;;;
zprovince_mining_expansion_desc;Gives a permanent boost to mine size to the selected province. Costs 500,000 pounds.;;;;;;;;;x;;;;
zprovince_large_mining_expansion_title;§GLarge Mine RGO Expansion.;;;;;;;;;x;;;;
zprovince_large_mining_expansion_desc;Gives a permanent boost to mine size to the selected province. Costs 1,500,000 pounds.;;;;;;;;;x;;;;
zprovince_agriculture_expansion_title;§GAgriculture RGO Expansion;;;;;;;;;x;;;;
zprovince_agriculture_expansion_desc;Gives a permanent boost to farm size to the selected province. Costs 100,000 pounds per every 100k POP in the province rounded up.;;;;;;;;;x;;;;
zprovince_agriculture_expansion_100k_title;§G0-100k Province Agriculture RGO Expansion.;;;;;;;;;x;;;;
zprovince_agriculture_expansion_100k_desc;Costs 100,000 pounds to give a permanent boost to farm size to the selected province.;;;;;;;;;x;;;;
zprovince_agriculture_expansion_200k_title;§G100k-200k Province Agriculture RGO Expansion.;;;;;;;;;x;;;;
zprovince_agriculture_expansion_200k_desc;Costs 200,000 pounds to give a permanent boost to farm size to the selected province.;;;;;;;;;x;;;;
zprovince_agriculture_expansion_300k_title;§G200k-300k Province Agriculture RGO Expansion.;;;;;;;;;x;;;;
zprovince_agriculture_expansion_300k_desc;Costs 300,000 pounds to give a permanent boost to farm size to the selected province.;;;;;;;;;x;;;;
zprovince_agriculture_expansion_400k_title;§G300k-400k Province Agriculture RGO Expansion.;;;;;;;;;x;;;;
zprovince_agriculture_expansion_400k_desc;Costs 400,000 pounds to give a permanent boost to farm size to the selected province.;;;;;;;;;x;;;;
zprovince_agriculture_expansion_500k_title;§G400k-500k Province Agriculture RGO Expansion.;;;;;;;;;x;;;;
zprovince_agriculture_expansion_500k_desc;Costs 500,000 pounds to give a permanent boost to farm size to the selected province.;;;;;;;;;x;;;;
zprovince_agriculture_expansion_600k_title;§G500k-600k Province Agriculture RGO Expansion.;;;;;;;;;x;;;;
zprovince_agriculture_expansion_600k_desc;Costs 600,000 pounds to give a permanent boost to farm size to the selected province.;;;;;;;;;x;;;;
zprovince_agriculture_expansion_700k_title;§G600k-700k Province Agriculture RGO Expansion.;;;;;;;;;x;;;;
zprovince_agriculture_expansion_700k_desc;Costs 700,000 pounds to give a permanent boost to farm size to the selected province.;;;;;;;;;x;;;;
zprovince_agriculture_expansion_800k_title;§G700k-800k Province Agriculture RGO Expansion.;;;;;;;;;x;;;;
zprovince_agriculture_expansion_800k_desc;Costs 800,000 pounds to give a permanent boost to farm size to the selected province.;;;;;;;;;x;;;;
zprovince_agriculture_expansion_900k_title;§G800k-900k Province Agriculture RGO Expansion.;;;;;;;;;x;;;;
zprovince_agriculture_expansion_800k_desc;Costs 900,000 pounds to give a permanent boost to farm size to the selected province.;;;;;;;;;x;;;;
zprovince_agriculture_expansion_1M_title;§G900k-1M Province Agriculture RGO Expansion.;;;;;;;;;x;;;;
zprovince_agriculture_expansion_1M_desc;Costs 1,000,000 pounds to give a permanent boost to farm size to the selected province.;;;;;;;;;x;;;;
zprovince_agriculture_expansion_1M+_title;§G1M+ Province Agriculture RGO Expansion.;;;;;;;;;x;;;;
zprovince_agriculture_expansion_1M+_desc;Costs 1,500,000 pounds to give a permanent boost to farm size to the selected province.;;;;;;;;;x;;;;
zstate_agriculture_expansion_500k_title;§G0-500k State Agriculture RGO Expansion;;;;;;;;;x;;;;
zstate_agriculture_expansion_500k_desc;Costs 500,000 pounds to give a permanent boost to farm size to every province in the selected state.;;;;;;;;;x;;;;
zstate_agriculture_expansion_1M_title;§G500k-1M State Agriculture RGO Expansion;;;;;;;;;x;;;;
zstate_agriculture_expansion_1M_desc;Costs 1,000,000 pounds to give a permanent boost to farm size to every province in the selected state.;;;;;;;;;x;;;;
zstate_agriculture_expansion_2M_title;§G1M-2M State Agriculture RGO Expansion;;;;;;;;;x;;;;
zstate_agriculture_expansion_2M_desc;Costs 2,000,000 pounds to give a permanent boost to farm size to every province in the selected state.;;;;;;;;;x;;;;
zstate_agriculture_expansion_4M_title;§G2M-4M State Agriculture RGO Expansion;;;;;;;;;x;;;;
zstate_agriculture_expansion_4M_desc;Costs 4,000,000 pounds to give a permanent boost to farm size to every province in the selected state.;;;;;;;;;x;;;;
zstate_agriculture_expansion_4M+_title;§G4M+ State Agriculture RGO Expansion;;;;;;;;;x;;;;
zstate_agriculture_expansion_4M+_desc;Costs 6,000,000 pounds to give a permanent boost to farm size to every province in the selected state.;;;;;;;;;x;;;;
zprovince_blood_and_iron_title;§GBlood and Iron RGO.;;;;;;;;;x;;;;
zprovince_blood_and_iron_desc;Gives a permanent RGO efficiency bonus and +0.03 militancy modifier to the selected province. Cannot use on gold mines and has a 10 year cooldown.;;;;;;;;;x;;;;
zprovince_rgo_change_agriculture_title;§GChange Agriculture RGO;;;;;;;;;x;;;;
zprovince_rgo_change_agriculture_desc;Allows the switching of RGO in a province to the following types: Grain, Fruit, Cattle, Wool, Cotton, Opium, Dye, Silk, Coffee Beans, Tea Leaves, or Tobacco. Gives a 50% output and 50% throughput debuff for 15 years. Costs 100k pounds per every 100k POP in the province rounded up.;;;;;;;;;x;;;;
zprovince_rgo_change_agriculture_100k_title;§G0-100k Province Change Agriculture RGO.;;;;;;;;;x;;;;
zprovince_rgo_change_agriculture_100k_desc;Choose one of the following types: Grain, Fruit, Cattle, Wool, Cotton, Opium, Dye, Silk, Coffee Beans, Tea Leaves, or Tobacco. Gives a 50% output and 50% throughput debuff for 15 years.;;;;;;;;;x;;;;
zprovince_rgo_change_agriculture_200k_title;§G100k-200k Province Change Agriculture RGO.;;;;;;;;;x;;;;
zprovince_rgo_change_agriculture_200k_desc;Choose one of the following types: Grain, Fruit, Cattle, Wool, Cotton, Opium, Dye, Silk, Coffee Beans, Tea Leaves, or Tobacco. Gives a 50% output and 50% throughput debuff for 15 years.;;;;;;;;;x;;;;
zprovince_rgo_change_agriculture_300k_title;§G200k-300k Province Change Agriculture RGO.;;;;;;;;;x;;;;
zprovince_rgo_change_agriculture_300k_desc;Choose one of the following types: Grain, Fruit, Cattle, Wool, Cotton, Opium, Dye, Silk, Coffee Beans, Tea Leaves, or Tobacco. Gives a 50% output and 50% throughput debuff for 15 years.;;;;;;;;;x;;;;
zprovince_rgo_change_agriculture_400k_title;§G300k-400k Province Change Agriculture RGO.;;;;;;;;;x;;;;
zprovince_rgo_change_agriculture_400k_desc;Choose one of the following types: Grain, Fruit, Cattle, Wool, Cotton, Opium, Dye, Silk, Coffee Beans, Tea Leaves, or Tobacco. Gives a 50% output and 50% throughput debuff for 15 years.;;;;;;;;;x;;;;
zprovince_rgo_change_agriculture_500k_title;§G400k-500k Province Change Agriculture RGO.;;;;;;;;;x;;;;
zprovince_rgo_change_agriculture_500k_desc;Choose one of the following types: Grain, Fruit, Cattle, Wool, Cotton, Opium, Dye, Silk, Coffee Beans, Tea Leaves, or Tobacco. Gives a 50% output and 50% throughput debuff for 15 years.;;;;;;;;;x;;;;
zprovince_rgo_change_agriculture_600k_title;§G500k-600k Province Change Agriculture RGO.;;;;;;;;;x;;;;
zprovince_rgo_change_agriculture_600k_desc;Choose one of the following types: Grain, Fruit, Cattle, Wool, Cotton, Opium, Dye, Silk, Coffee Beans, Tea Leaves, or Tobacco. Gives a 50% output and 50% throughput debuff for 15 years.;;;;;;;;;x;;;;
zprovince_rgo_change_agriculture_700k_title;§G600k-700k Province Change Agriculture RGO.;;;;;;;;;x;;;;
zprovince_rgo_change_agriculture_700k_desc;Choose one of the following types: Grain, Fruit, Cattle, Wool, Cotton, Opium, Dye, Silk, Coffee Beans, Tea Leaves, or Tobacco. Gives a 50% output and 50% throughput debuff for 15 years.;;;;;;;;;x;;;;
zprovince_rgo_change_agriculture_800k_title;§G700k-800k Province Change Agriculture RGO.;;;;;;;;;x;;;;
zprovince_rgo_change_agriculture_800k_desc;Choose one of the following types: Grain, Fruit, Cattle, Wool, Cotton, Opium, Dye, Silk, Coffee Beans, Tea Leaves, or Tobacco. Gives a 50% output and 50% throughput debuff for 15 years.;;;;;;;;;x;;;;
zprovince_rgo_change_agriculture_900k_title;§G800k-900k Province Change Agriculture RGO.;;;;;;;;;x;;;;
zprovince_rgo_change_agriculture_900k_desc;Choose one of the following types: Grain, Fruit, Cattle, Wool, Cotton, Opium, Dye, Silk, Coffee Beans, Tea Leaves, or Tobacco. Gives a 50% output and 50% throughput debuff for 15 years.;;;;;;;;;x;;;;
zprovince_rgo_change_agriculture_1M_title;§G900k-1M Province Change Agriculture RGO.;;;;;;;;;x;;;;
zprovince_rgo_change_agriculture_1M_desc;Choose one of the following types: Grain, Fruit, Cattle, Wool, Cotton, Opium, Dye, Silk, Coffee Beans, Tea Leaves, or Tobacco. Gives a 50% output and 50% throughput debuff for 15 years.;;;;;;;;;x;;;;
zprovince_rgo_change_agriculture_1.2M_title;§G1M-1.2M Province Change Agriculture RGO.;;;;;;;;;x;;;;
zprovince_rgo_change_agriculture_1.2M_desc;Choose one of the following types: Grain, Fruit, Cattle, Wool, Cotton, Opium, Dye, Silk, Coffee Beans, Tea Leaves, or Tobacco. Gives a 50% output and 50% throughput debuff for 15 years.;;;;;;;;;x;;;;
zprovince_rgo_change_agriculture_1.4M_title;§G1.2M-1.4M Province Change Agriculture RGO.;;;;;;;;;x;;;;
zprovince_rgo_change_agriculture_1.4M_desc;Choose one of the following types: Grain, Fruit, Cattle, Wool, Cotton, Opium, Dye, Silk, Coffee Beans, Tea Leaves, or Tobacco. Gives a 50% output and 50% throughput debuff for 15 years.;;;;;;;;;x;;;;
zprovince_rgo_change_agriculture_1.6M_title;§G1.4M-1.6M Province Change Agriculture RGO.;;;;;;;;;x;;;;
zprovince_rgo_change_agriculture_1.6M_desc;Choose one of the following types: Grain, Fruit, Cattle, Wool, Cotton, Opium, Dye, Silk, Coffee Beans, Tea Leaves, or Tobacco. Gives a 50% output and 50% throughput debuff for 15 years.;;;;;;;;;x;;;;
zprovince_rgo_change_agriculture_1.8M_title;§G1.6M-1.8M Province Change Agriculture RGO.;;;;;;;;;x;;;;
zprovince_rgo_change_agriculture_1.8M_desc;Choose one of the following types: Grain, Fruit, Cattle, Wool, Cotton, Opium, Dye, Silk, Coffee Beans, Tea Leaves, or Tobacco. Gives a 50% output and 50% throughput debuff for 15 years.;;;;;;;;;x;;;;
zprovince_rgo_change_agriculture_2M_title;§G1.8M-2M Province Change Agriculture RGO.;;;;;;;;;x;;;;
zprovince_rgo_change_agriculture_2M_desc;Choose one of the following types: Grain, Fruit, Cattle, Wool, Cotton, Opium, Dye, Silk, Coffee Beans, Tea Leaves, or Tobacco. Gives a 50% output and 50% throughput debuff for 15 years.;;;;;;;;;x;;;;
zprovince_rgo_change_agriculture_2M+_title;§G2M+ Province Change Agriculture RGO.;;;;;;;;;x;;;;
zprovince_rgo_change_agriculture_2M+_desc;Choose one of the following types: Grain, Fruit, Cattle, Wool, Cotton, Opium, Dye, Silk, Coffee Beans, Tea Leaves, or Tobacco. Gives a 50% output and 50% throughput debuff for 15 years.;;;;;;;;;x;;;;
zprovince_establish_financial_center_title;Establish Financial Center;;;;;;;;;x;;;;
zprovince_establish_financial_center_desc;Changes the selected province's trade good to precious metal to represent the new financial hub of your country. Can only use this decision once and it must be on core territory.;;;;;;;;;x;;;;
zzreset_province_selector_title;§RReset Province Selector;;;;;;;;;x;;;;
zzreset_province_selector_desc;Destroys all currently built province selectors.;;;;;;;;;x;;;;
zuser_show_options_Y_title;[=]§YShow Generic Decisions;;;;;;;;;;;;x
zuser_show_options_Y_desc;Request Trade Deal, Money Grants, Non-Accepted Culture Craftsmen Promotion, Spread Ideology, Pass Reform, Martial Law, Restore The Academioa, Non-Accepted Bureacrats, and Research and Development;;;;;;;;;;;;x
zuser_hide_options_Y_title;[=]§YHide Generic Decisions;;;;;;;;;;;;x
zuser_hide_options_Y_desc;Request Trade Deal, Money Grants, Non-Accepted Culture Craftsmen Promotion, Spread Ideology, Pass Reform, Martial Law, Restore The Academioa, Non-Accepted Bureacrats, and Research and Development;;;;;;;;;;;;x
zuser_show_options_G_title;[=]§GShow Province Selector Decisions;;;;;;;;;;;;x
zuser_show_options_G_desc;Create Supply Depot, Baby Boom, Literacy Campaign, Mine RGO Expansion, Agriculture RGO Expansion, and Change Agriculture RGO, Genocide Province;;;;;;;;;;;;x
zuser_hide_options_G_title;[=]§GHide Province Selector Decisions;;;;;;;;;;;;x
zuser_hide_options_G_desc;Create Supply Depot, Baby Boom, Literacy Campaign, Mine RGO Expansion, Agriculture RGO Expansion, and Change Agriculture RGO, Genocide Province;;;;;;;;;;;;x
zcreate_supply_depot_title;§GCreate Supply Depot;;;;;;;;;;;;;x
zcreate_supply_depot_desc;A province with a supply depot will reduce attrition to 0 regardless of supply cap and should be used as a rallying point for mobilized troops. You can only have one supply depot at a time, it must not be overseas, and if a battle occurs in a province with a supply depot or the province is occupied by an enemy army it will be destroyed.;;;;;;;;;;;;;x
zdismantle_supply_depot_title;§RDismantle Supply Depot;;;;;;;;;;;;;x
zdismantle_supply_depot_desc;Removes the Supply Depot modifier from all provinces.;;;;;;;;;;;;;x
supply_depot;Supply Depot;;;;;;;;;;;;;x
supply_depot_destroyed;Supply Depot Recently Destroyed;;;;;;;;;;;;;x
supply_depot_destroyed_desc;We require time to procure new supplies before we can build another supply depot.;;;;;;;;;;;;;x
EVTNAME91711;§R$FROMCOUNTRY$§b Requests Cease Fire;;;;;;;;;;;;;;;;;;;;;;;x
EVTDESC91711;If you say yes to this event, all of §R$FROMCOUNTRY$'s§b provinces under our control (not ownership) will revert back to their control. The purpose of this event is to speed up the addition of wargoals in case the side that occupies more territory surrenders during a multiplayer war.;;;;;;;;;;;;;;;;;;;;;;;x
EVTOPTA91711;Return their occupied provinces.;;;;;;;;;;;;;;;;;;;;;;;x
EVTOPTB91711;Do not return their occupied provinces.;;;;;;;;;;;;;;;;;;;;;;;x
EVTNAME91712;§R$FROMCOUNTRY$§b Accepts Cease Fire;;;;;;;;;;;;;;;;;;;;;;;x
EVTDESC91712;§R$FROMCOUNTRY$§b has agreed to unoccupy our territory in order to help speed up negotiations.;;;;;;;;;;;;;;;;;;;;;;;x
EVTOPTA91712;Good.;;;;;;;;;;;;;;;;;;;;;;;x
EVTNAME91713;§R$FROMCOUNTRY$§b Rejects Cease Fire;;;;;;;;;;;;;;;;;;;;;;;x
EVTDESC91713;§R$FROMCOUNTRY$§b has not agreed to unoccupy our territory.;;;;;;;;;;;;;;;;;;;;;;;x
EVTOPTA91713;Understandable.;;;;;;;;;;;;;;;;;;;;;;;x
requesting_cease_fire;Requesting Cease Fire;;;;;;;;;;;;;;;;;;;;;;;x
requesting_cease_fire_desc;In order to prevent spamming, we cannot ask for another cease fire until this timer runs out.;;;;;;;;;;;;;;;;;;;;;;;x
unoccupy_provinces_title;§YRequest Cease Fire;;;;;;;;;;;;;x
unoccupy_provinces_desc;This will trigger an event to all player controlled nations that occupy your provinces. If they accept, all your provinces that are controlled (not owned) by that country will revert to your control. This is to help speed up the adding of wargoals during peace talks in multiplayer games. §WDon't use this decision unless one side has surrendered.;;;;;;;;;;;;;x
EVTNAME91737;Agriculture RGO Change;;;;;;;;;;;;;;;;;;;;;;;x
EVTDESC91737;Choose to change a province to the following RGO types.;;;;;;;;;;;;;;;;;;;;;;;x
EVT91737OPTA;Change province to produce Wool.;;;;;;;;;;;;;;;;;;;;;;;x
EVT91737OPTB;Change province to produce Fruit.;;;;;;;;;;;;;;;;;;;;;;;x
EVT91737OPTC;Change province to produce Cotton.;;;;;;;;;;;;;;;;;;;;;;;x
EVT91737OPTD;Change province to produce Cattle.;;;;;;;;;;;;;;;;;;;;;;;x
EVT91737OPTE;Change province to produce Grain.;;;;;;;;;;;;;;;;;;;;;;;x
EVT91737OPTF;Change province to produce Tea Leaves.;;;;;;;;;;;;;;;;;;;;;;;x
EVT91737OPTG;Change province to produce Coffee Beans.;;;;;;;;;;;;;;;;;;;;;;;x
EVT91737OPTH;Change province to produce Opium.;;;;;;;;;;;;;;;;;;;;;;;x
EVT91737OPTI;Change province to produce Dye.;;;;;;;;;;;;;;;;;;;;;;;x
EVT91737OPTJ;Change province to produce Silk.;;;;;;;;;;;;;;;;;;;;;;;x
EVT91737OPTK;Change province to produce Tobacco.;;;;;;;;;;;;;;;;;;;;;;;x
EVT91737OPTL;Change province to produce Fish.;;;;;;;;;;;;;;;;;;;;;;;x
EVT91737OPTM;Change province to produce Timber.;;;;;;;;;;;;;;;;;;;;;;;x
EVT91737OPTZ;I'd rather not change anything.;;;;;;;;;;;;;;;;;;;;;;;x
changing_agriculture;Changing Agriculture;;;;;;;;;;;;;x
zcountry_suppression_title;§YMartial Law;;;;;;;;;x;;;;
zcountry_suppression_desc;Add or remove the martial law modifier which gives -0.07 militancy/consciousness, -0.05% tax efficiency, and a debuff to POP promotion.;;;;;;;;;x;;;;
release_vassals_title;§YManage Vassals;;;;;;;;;;;;;;;;;;;;;;;x
release_vassals_desc;Trigger an event for each vassal which then triggers an event from them to us in which we can decide to free them or not.;;;;;;;;;;;;;;;;;;;;;;;x
EVTNAME91705;Martial Law;;;;;;;;;;;;;;;;;;;;;;;x
EVTDESC91705;Should we declare or rescind martial law?;;;;;;;;;;;;;;;;;;;;;;;x
EVTOPTA91705;Declare martial law.;;;;;;;;;;;;;;;;;;;;;;;x
EVTOPTB91705;Rescind martial law.;;;;;;;;;;;;;;;;;;;;;;;x
suppression;Martial Law;;;;;;;;;;;;;x
suppression_desc;This province is currently under martial law.;;;;;;;;;;;;;x
country_suppression;Martial Law;;;;;;;;;;;;;x
country_suppression_desc;The country is currently under martial law. This negatively impacts POP promotion rate.;;;;;;;;;;;;;x
EVTNAME91306;Manage Vassals;;;;;;;;;;;;;;;;;;;;;;;x
EVTDESC91306;Trigger an event for each vassal which then triggers an event from them to us in which we can decide to free them or not.;;;;;;;;;;;;;;;;;;;;;;;x
EVTOPTA91306;Make each vassal send an event to us that lets use choose to free them or not.;;;;;;;;;;;;;;;;;;;;;;;x
EVTOPTB91306;Do nothing.;;;;;;;;;;;;;;;;;;;;;;;x
EVTNAME91307;Freedom?;;;;;;;;;;;;;;;;;;;;;;;x
EVTDESC91307;Our overlord is considering granting us our freedom.;;;;;;;;;;;;;;;;;;;;;;;x
EVTOPTA91307;One can only hope.;;;;;;;;;;;;;;;;;;;;;;;x
EVTNAME91308;$FROMCOUNTRY$ Requests Independence;;;;;;;;;;;;;;;;;;;;;;;x
EVTDESC91308;We can grant independence to $FROMCOUNTRY$.;;;;;;;;;;;;;;;;;;;;;;;x
EVTOPTA91308;Let them be free.;;;;;;;;;;;;;;;;;;;;;;;x
EVTOPTB91308;Don't let them be free.;;;;;;;;;;;;;;;;;;;;;;;x
EVTNAME91308;Geneva Convention Signed;;;;;;;;;;;;;;;;;;;;;;;x
EVTDESC91308;The geneva convention military hospital and infamy modifiers will be added to your country now;;;;;;;;;;;;;;;;;;;;;;;x
EVTOPTA91308;Ok.;;;;;;;;;;;;;;;;;;;;;;;x
switched_production;Switched Production;;;;;;;;;;;;;x
zprovince_migration_title;§GMigration Attraction;;;;;;;;;x;;;;
zprovince_migration_desc;Gives a large bonus to migration to the targeted province. This decision does not increase the chance of receiving immigrants from other countries, it only redirects them to the targetted province. If a province has more than 5% RGO unemployment then the modifier will stop working and should be reset.;;;;;;;;;x;;;;
zprovince_migration_new_world_title;§GMigration Attraction;;;;;;;;;x;;;;
zprovince_migration_new_world_desc;Gives a large bonus to migration to the targeted province. This decision does not increase the chance of receiving immigrants from other countries, it only redirects them to the targetted province. If a province has more than 5% RGO unemployment then the modifier will stop working and should be reset.;;;;;;;;;x;;;;
province_attract_immigrants;Immigration Focus;;;;;;;;;;;;;x
new_world_province_attract_immigrants;Immigration Focus;;;;;;;;;;;;;x
EVTNAME91601;New National Idea Researched;;;;;;;;;;;;;;;;;;;;;;;x
EVTDESC91601;You may pick from one of the following national idea groups.;;;;;;;;;;;;;;;;;;;;;;;x
agriculture_expansion;Agriculture Expansion;;;;;;;;;;;;;x
mine_expansion;Mine Expansion;;;;;;;;;;;;;x
mine_expansion_asia;Mine Expansion;;;;;;;;;;;;;x
EVTNAME70004;RGO Expansion in $STATE$;;;;;;;;;;;;;x
EVTDESC70004;In Victoria 2, when a province changes owners or is turned from a colony to a state, all old province modifiers are automatically removed. This province event adds an RGO expansion modifier to any recently acquired provinces and former colonies that previously had them.;;;;;;;;;;;;;x
EVTOPTA70004;Excellent.;;;;;;;;;;;;;x
acquire_small_state;Acquire small state;;;;;;;;;;;;;x
acquire_small_state_setup;Acquire $STATE$;;;;;;;;;;;;;x
acquire_small_state_short;Acquire $STATE$ from $RECIPIENT$;;;;;;;;;;;;;x
acquire_small_state_desc;Can use on states <150K population before 1860, <200k between 1860-1885, <300k between 1885-1910, <450k after 1910.;;;;;;;;;;;;;x
acquire_mid_state;Acquire medium state;;;;;;;;;;;;;x
acquire_mid_state_setup;Acquire $STATE$;;;;;;;;;;;;;x
acquire_mid_state_short;Acquire $STATE$ from $RECIPIENT$;;;;;;;;;;;;;x
acquire_mid_state_desc;Can use on states <300K population before 1860, <400k between 1860-1885, <600k between 1885-1910, <900k after 1910.;;;;;;;;;;;;;x
integrate_central_american_title;Integrate the Central Americans;;;;;;;;;;;;;x
integrate_central_american_desc;The USCA served no purpose but to disunite the people of Spanish North America. This insult to Mexico's sovereignty has been corrected for;;;;;;;;;;;;;x
integrate_the_jewish_title;Conscript the Jews;;;;;;;;;;;;;x
integrate_the_jewish_desc;While the Jewish don't fit in to all aspects of polish society, foreign threats call for unification. We must utilize our large Ashkenazi population to defend our homeland and end their exemption from conscription.;;;;;;;;;;;;;x
integrate_the_ukraine_title;Triumph in Ukraine;;;;;;;;;;;;;x
integrate_the_ukraine_desc;We have achieved victory in Ukraine against the Russians. It is time to bring the Ruthenians back into the fold. ;;;;;;;;;;;;;x
peasant_reform;Peasant Reform;;;;;;;;;;;;;x
peasant_reform_desc;The institution of serfdom -- unfree farm labour tied to the land of a local noble, effectively a form of feudal slavery -- had existed in various forms in Russia since the Kievan Rus of the 11th century. Throughout the ages the institution had undergone several reforms and changes, but the first steps toward a complete abolishment were taken only in the 1810s, when the institution was abolished in the Russian domains of Kurland, Estonia and Livonia. Even when the Decembrist Revolution overthrew autocracy, the government refused to attempt to abolish it, as the powerful nobles were too fond of the system.;;;;;;;;;;;;;x
bureaucrats_fix_cooldown;Non-Accepted Bureaucrats Fix Cooldown;;;;;;;;;;;;x,,,,,,,,,,,,,,,,,,,,,,,,,,,,,,,,,,,,,,,,,,,,,,,,,,,,,,,,,,,,,,,,,,,,,,,,,,,,,,,,;;;;;;;;;;;;
bureaucrats_fix_cooldown_desc;Non-Accepted Bureaucrats Fix Cooldown is 10 years.;;;;;;;;;;;;;x,,,,,,,,,,,,;;;;;;;;;;;
bureaucrats_fix_title;§YNon-Accepted Bureacrats (10 year cooldown);;;;;;;;;;;;;;;;;;;;;;;;;;;;;;;;;;;;;;;;;;;;;;;;;;;;;;;;;;;
bureaucrats_fix_desc;Turns unaccepted bureacrats into artisans;;;;;;;;;;;;;;;;;;;;;;;;;;;;;;;;;;;;;;;;;;;;;;;;;;;;;;;;;;;
immunity_from_influenza;Immunity from Influenza;;;;;;;;;;;;;x
immunity_from_influenza_desc;Prevents Pandemic Influenza from recurring in your country as long as modifier is active.;;;;;;;;;;;;;x